"","region","RegionId","Time","Unit","Value","variable","Category"
"353","India","IN","1951","Hectares",67613,"Planted Area of Coffee","Arabica"
"354","India","IN","1961","Hectares",70650,"Planted Area of Coffee","Arabica"
"355","India","IN","1971","Hectares",80433,"Planted Area of Coffee","Arabica"
"356","India","IN","1981","Hectares",109454,"Planted Area of Coffee","Arabica"
"362","India","IN","1991","Hectares",127934,"Planted Area of Coffee","Arabica"
"363","India","IN","1992","Hectares",126889,"Planted Area of Coffee","Arabica"
"364","India","IN","1993","Hectares",141546,"Planted Area of Coffee","Arabica"
"365","India","IN","1994","Hectares",143491,"Planted Area of Coffee","Arabica"
"366","India","IN","1995","Hectares",142644,"Planted Area of Coffee","Arabica"
"367","India","IN","1996","Hectares",145901,"Planted Area of Coffee","Arabica"
"368","India","IN","1997","Hectares",143239,"Planted Area of Coffee","Arabica"
"369","India","IN","1998","Hectares",143928,"Planted Area of Coffee","Arabica"
"370","India","IN","1999","Hectares",160671,"Planted Area of Coffee","Arabica"
"371","India","IN","2000","Hectares",168453,"Planted Area of Coffee","Arabica"
"372","India","IN","2001","Hectares",167679,"Planted Area of Coffee","Arabica"
"373","India","IN","2002","Hectares",165892,"Planted Area of Coffee","Arabica"
"374","India","IN","2003","Hectares",171180,"Planted Area of Coffee","Arabica"
"375","India","IN","2004","Hectares",170294,"Planted Area of Coffee","Arabica"
"376","India","IN","2005","Hectares",174315,"Planted Area of Coffee","Arabica"
"377","India","IN","2006","Hectares",177728,"Planted Area of Coffee","Arabica"
"378","India","IN","2007","Hectares",179096,"Planted Area of Coffee","Arabica"
"379","India","IN","2008","Hectares",184418,"Planted Area of Coffee","Arabica"
"380","India","IN","2009","Hectares",189511,"Planted Area of Coffee","Arabica"
"381","India","IN","2010","Hectares",193995,"Planted Area of Coffee","Arabica"
"382","India","IN","2011","Hectares",197930,"Planted Area of Coffee","Arabica"
"383","India","IN","2012","Hectares",201070,"Planted Area of Coffee","Arabica"
"411","India","IN","2008","Hectares",71831,"Planted Area of coffee under different size categories (<2 Hectares)","Arabica"
"443","India","IN","2008","Hectares",25809,"Planted Area of coffee under different size categories (2-4 Hectares)","Arabica"
"475","India","IN","2008","Hectares",31587,"Planted Area of coffee under different size categories (4-10 hectares)","Arabica"
"507","India","IN","2008","Hectares",16460,"Planted Area of coffee under different size categories (10-20 hectares)","Arabica"
"539","India","IN","2008","Hectares",8752,"Planted Area of coffee under different size categories (20-40 hectares)","Arabica"
"571","India","IN","2008","Hectares",7021,"Planted Area of coffee under different size categories (40-60 hectares)","Arabica"
"603","India","IN","2008","Hectares",5478,"Planted Area of coffee under different size categories (60-80 Hectares)","Arabica"
"635","India","IN","2008","Hectares",3972,"Planted Area of coffee under different size categories (80-100 Hectares)","Arabica"
"667","India","IN","2008","Hectares",13508,"Planted Area of coffee under different size categories (>100 hectares)","Arabica"
"699","India","IN","2008","Hectares",184418,"Planted Area of coffee under different size categories (Total in Hectares)","Arabica"
"1089","India","IN","1951","Million tonnes",15511,"Production of Coffee","Arabica"
"1090","India","IN","1961","Million tonnes",39526,"Production of Coffee","Arabica"
"1091","India","IN","1971","Million tonnes",58348,"Production of Coffee","Arabica"
"1092","India","IN","1981","Million tonnes",61262,"Production of Coffee","Arabica"
"1093","India","IN","1986","Million tonnes",72311,"Production of Coffee","Arabica"
"1094","India","IN","1987","Million tonnes",88975,"Production of Coffee","Arabica"
"1095","India","IN","1988","Million tonnes",64556,"Production of Coffee","Arabica"
"1096","India","IN","1989","Million tonnes",94781,"Production of Coffee","Arabica"
"1097","India","IN","1990","Million tonnes",62572,"Production of Coffee","Arabica"
"1098","India","IN","1991","Million tonnes",78311,"Production of Coffee","Arabica"
"1099","India","IN","1992","Million tonnes",88320,"Production of Coffee","Arabica"
"1100","India","IN","1993","Million tonnes",73120,"Production of Coffee","Arabica"
"1101","India","IN","1994","Million tonnes",98300,"Production of Coffee","Arabica"
"1102","India","IN","1995","Million tonnes",79000,"Production of Coffee","Arabica"
"1103","India","IN","1996","Million tonnes",103250,"Production of Coffee","Arabica"
"1104","India","IN","1997","Million tonnes",90450,"Production of Coffee","Arabica"
"1105","India","IN","1998","Million tonnes",99300,"Production of Coffee","Arabica"
"1106","India","IN","1999","Million tonnes",97000,"Production of Coffee","Arabica"
"1107","India","IN","2000","Million tonnes",119000,"Production of Coffee","Arabica"
"1108","India","IN","2001","Million tonnes",104400,"Production of Coffee","Arabica"
"1109","India","IN","2002","Million tonnes",121050,"Production of Coffee","Arabica"
"1110","India","IN","2003","Million tonnes",102125,"Production of Coffee","Arabica"
"1111","India","IN","2004","Million tonnes",101950,"Production of Coffee","Arabica"
"1112","India","IN","2005","Million tonnes",103400,"Production of Coffee","Arabica"
"1113","India","IN","2006","Million tonnes",94000,"Production of Coffee","Arabica"
"1114","India","IN","2007","Million tonnes",99700,"Production of Coffee","Arabica"
"1115","India","IN","2008","Million tonnes",92500,"Production of Coffee","Arabica"
"1116","India","IN","2009","Million tonnes",79500,"Production of Coffee","Arabica"
"1117","India","IN","2010","Million tonnes",94600,"Production of Coffee","Arabica"
"1118","India","IN","2011","Million tonnes",94140,"Production of Coffee","Arabica"
"1119","India","IN","2012","Million tonnes",101500,"Production of Coffee","Arabica"
"1120","India","IN","2013","Million tonnes",104000,"Production of Coffee","Arabica"
"1185","India","IN","1951","Hectares",67613,"Bearing Area (ha.)","Arabica"
"1186","India","IN","1961","Hectares",70649,"Bearing Area (ha.)","Arabica"
"1187","India","IN","1971","Hectares",80433,"Bearing Area (ha.)","Arabica"
"1188","India","IN","1981","Hectares",98005,"Bearing Area (ha.)","Arabica"
"1189","India","IN","1986","Hectares",108476,"Bearing Area (ha.)","Arabica"
"1190","India","IN","1987","Hectares",108500,"Bearing Area (ha.)","Arabica"
"1191","India","IN","1988","Hectares",108500,"Bearing Area (ha.)","Arabica"
"1192","India","IN","1989","Hectares",108500,"Bearing Area (ha.)","Arabica"
"1193","India","IN","1990","Hectares",108500,"Bearing Area (ha.)","Arabica"
"1194","India","IN","1991","Hectares",108500,"Bearing Area (ha.)","Arabica"
"1195","India","IN","1992","Hectares",108500,"Bearing Area (ha.)","Arabica"
"1196","India","IN","1993","Hectares",108500,"Bearing Area (ha.)","Arabica"
"1197","India","IN","1994","Hectares",108500,"Bearing Area (ha.)","Arabica"
"1198","India","IN","1995","Hectares",108500,"Bearing Area (ha.)","Arabica"
"1199","India","IN","1996","Hectares",120100,"Bearing Area (ha.)","Arabica"
"1200","India","IN","1997","Hectares",125017,"Bearing Area (ha.)","Arabica"
"1201","India","IN","1998","Hectares",130664,"Bearing Area (ha.)","Arabica"
"1202","India","IN","1999","Hectares",143007,"Bearing Area (ha.)","Arabica"
"1203","India","IN","2000","Hectares",146052,"Bearing Area (ha.)","Arabica"
"1204","India","IN","2001","Hectares",146502,"Bearing Area (ha.)","Arabica"
"1205","India","IN","2002","Hectares",149056,"Bearing Area (ha.)","Arabica"
"1206","India","IN","2003","Hectares",146780,"Bearing Area (ha.)","Arabica"
"1207","India","IN","2004","Hectares",148389,"Bearing Area (ha.)","Arabica"
"1208","India","IN","2005","Hectares",153280,"Bearing Area (ha.)","Arabica"
"1209","India","IN","2006","Hectares",151547,"Bearing Area (ha.)","Arabica"
"1210","India","IN","2007","Hectares",151861,"Bearing Area (ha.)","Arabica"
"1211","India","IN","2008","Hectares",151013,"Bearing Area (ha.)","Arabica"
"1212","India","IN","2009","Hectares",156421,"Bearing Area (ha.)","Arabica"
"1213","India","IN","2010","Hectares",159828,"Bearing Area (ha.)","Arabica"
"1214","India","IN","2011","Hectares",163737,"Bearing Area (ha.)","Arabica"
"1215","India","IN","2012","Hectares",169906,"Bearing Area (ha.)","Arabica"
"1281","India","IN","1951","KG/HA",229,"Productivity (kg/ha)","Arabica"
"1282","India","IN","1961","KG/HA",559,"Productivity (kg/ha)","Arabica"
"1283","India","IN","1971","KG/HA",725,"Productivity (kg/ha)","Arabica"
"1284","India","IN","1981","KG/HA",625,"Productivity (kg/ha)","Arabica"
"1285","India","IN","1986","KG/HA",667,"Productivity (kg/ha)","Arabica"
"1286","India","IN","1987","KG/HA",820,"Productivity (kg/ha)","Arabica"
"1287","India","IN","1988","KG/HA",595,"Productivity (kg/ha)","Arabica"
"1288","India","IN","1989","KG/HA",874,"Productivity (kg/ha)","Arabica"
"1289","India","IN","1990","KG/HA",577,"Productivity (kg/ha)","Arabica"
"1290","India","IN","1991","KG/HA",722,"Productivity (kg/ha)","Arabica"
"1291","India","IN","1992","KG/HA",814,"Productivity (kg/ha)","Arabica"
"1292","India","IN","1993","KG/HA",674,"Productivity (kg/ha)","Arabica"
"1293","India","IN","1994","KG/HA",906,"Productivity (kg/ha)","Arabica"
"1294","India","IN","1995","KG/HA",728,"Productivity (kg/ha)","Arabica"
"1295","India","IN","1996","KG/HA",860,"Productivity (kg/ha)","Arabica"
"1296","India","IN","1997","KG/HA",724,"Productivity (kg/ha)","Arabica"
"1297","India","IN","1998","KG/HA",760,"Productivity (kg/ha)","Arabica"
"1298","India","IN","1999","KG/HA",678,"Productivity (kg/ha)","Arabica"
"1299","India","IN","2000","KG/HA",815,"Productivity (kg/ha)","Arabica"
"1300","India","IN","2001","KG/HA",713,"Productivity (kg/ha)","Arabica"
"1301","India","IN","2002","KG/HA",812,"Productivity (kg/ha)","Arabica"
"1302","India","IN","2003","KG/HA",696,"Productivity (kg/ha)","Arabica"
"1303","India","IN","2004","KG/HA",687,"Productivity (kg/ha)","Arabica"
"1304","India","IN","2005","KG/HA",675,"Productivity (kg/ha)","Arabica"
"1305","India","IN","2006","KG/HA",620,"Productivity (kg/ha)","Arabica"
"1306","India","IN","2007","KG/HA",657,"Productivity (kg/ha)","Arabica"
"1307","India","IN","2008","KG/HA",613,"Productivity (kg/ha)","Arabica"
"1308","India","IN","2009","KG/HA",508,"Productivity (kg/ha)","Arabica"
"1309","India","IN","2010","KG/HA",592,"Productivity (kg/ha)","Arabica"
"1310","India","IN","2011","KG/HA",575,"Productivity (kg/ha)","Arabica"
"1311","India","IN","2012","KG/HA",597,"Productivity (kg/ha)","Arabica"
"4063","Traditional Areas",NA,"2012","Hectares",127988,"Bearing Area (ha.)","Arabica"
"4159","Traditional Areas",NA,"2012","KG/HA",743,"Productivity (kg/ha)","Arabica"
"6077","Karnataka","IN-KA","2010","Hectares",110023,"Planted Area of Coffee","Arabica"
"6078","Karnataka","IN-KA","2011","Hectares",109173,"Planted Area of Coffee","Arabica"
"6079","Karnataka","IN-KA","2012","Hectares",109128,"Planted Area of Coffee","Arabica"
"6107","Karnataka","IN-KA","2008","Hectares",19217,"Planted Area of coffee under different size categories (<2 Hectares)","Arabica"
"6139","Karnataka","IN-KA","2008","Hectares",21431,"Planted Area of coffee under different size categories (2-4 Hectares)","Arabica"
"6171","Karnataka","IN-KA","2008","Hectares",26545,"Planted Area of coffee under different size categories (4-10 hectares)","Arabica"
"6203","Karnataka","IN-KA","2008","Hectares",11965,"Planted Area of coffee under different size categories (10-20 hectares)","Arabica"
"6235","Karnataka","IN-KA","2008","Hectares",6525,"Planted Area of coffee under different size categories (20-40 hectares)","Arabica"
"6267","Karnataka","IN-KA","2008","Hectares",5677,"Planted Area of coffee under different size categories (40-60 hectares)","Arabica"
"6299","Karnataka","IN-KA","2008","Hectares",4626,"Planted Area of coffee under different size categories (60-80 Hectares)","Arabica"
"6331","Karnataka","IN-KA","2008","Hectares",3350,"Planted Area of coffee under different size categories (80-100 Hectares)","Arabica"
"6363","Karnataka","IN-KA","2008","Hectares",10559,"Planted Area of coffee under different size categories (>100 hectares)","Arabica"
"6395","Karnataka","IN-KA","2008","Hectares",109895,"Planted Area of coffee under different size categories (Total in Hectares)","Arabica"
"6815","Karnataka","IN-KA","2012","Million tonnes",79825,"Production of Coffee","Arabica"
"6816","Karnataka","IN-KA","2013","Million tonnes",81585,"Production of Coffee","Arabica"
"6911","Karnataka","IN-KA","2012","Hectares",99683,"Bearing Area (ha.)","Arabica"
"7007","Karnataka","IN-KA","2012","KG/HA",801,"Productivity (kg/ha)","Arabica"
"8925","Chikmagalur District","IN-KA-CK","2010","Hectares",56995,"Planted Area of Coffee","Arabica"
"8926","Chikmagalur District","IN-KA-CK","2011","Hectares",56995,"Planted Area of Coffee","Arabica"
"8927","Chikmagalur District","IN-KA-CK","2012","Hectares",57000,"Planted Area of Coffee","Arabica"
"9663","Chikmagalur District","IN-KA-CK","2012","Million tonnes",39775,"Production of Coffee","Arabica"
"9664","Chikmagalur District","IN-KA-CK","2013","Million tonnes",39600,"Production of Coffee","Arabica"
"11773","Kodagu","IN-KA-KD","2010","Hectares",28803,"Planted Area of Coffee","Arabica"
"11774","Kodagu","IN-KA-KD","2011","Hectares",28303,"Planted Area of Coffee","Arabica"
"11775","Kodagu","IN-KA-KD","2012","Hectares",28053,"Planted Area of Coffee","Arabica"
"12511","Kodagu","IN-KA-KD","2012","Million tonnes",21800,"Production of Coffee","Arabica"
"12512","Kodagu","IN-KA-KD","2013","Million tonnes",22025,"Production of Coffee","Arabica"
"14621","Hassan District","IN-KA-HS","2010","Hectares",24225,"Planted Area of Coffee","Arabica"
"14622","Hassan District","IN-KA-HS","2011","Hectares",23875,"Planted Area of Coffee","Arabica"
"14623","Hassan District","IN-KA-HS","2012","Hectares",24075,"Planted Area of Coffee","Arabica"
"15359","Hassan District","IN-KA-HS","2012","Million tonnes",18250,"Production of Coffee","Arabica"
"15360","Hassan District","IN-KA-HS","2013","Million tonnes",19960,"Production of Coffee","Arabica"
"26013","Kerala","IN-KL","2010","Hectares",3711,"Planted Area of Coffee","Arabica"
"26014","Kerala","IN-KL","2011","Hectares",3761,"Planted Area of Coffee","Arabica"
"26015","Kerala","IN-KL","2012","Hectares",3865,"Planted Area of Coffee","Arabica"
"26043","Kerala","IN-KL","2008","Hectares",710,"Planted Area of coffee under different size categories (<2 Hectares)","Arabica"
"26075","Kerala","IN-KL","2008","Hectares",528,"Planted Area of coffee under different size categories (2-4 Hectares)","Arabica"
"26107","Kerala","IN-KL","2008","Hectares",713,"Planted Area of coffee under different size categories (4-10 hectares)","Arabica"
"26139","Kerala","IN-KL","2008","Hectares",333,"Planted Area of coffee under different size categories (10-20 hectares)","Arabica"
"26171","Kerala","IN-KL","2008","Hectares",491,"Planted Area of coffee under different size categories (20-40 hectares)","Arabica"
"26203","Kerala","IN-KL","2008","Hectares",457,"Planted Area of coffee under different size categories (40-60 hectares)","Arabica"
"26235","Kerala","IN-KL","2008","Hectares",57,"Planted Area of coffee under different size categories (60-80 Hectares)","Arabica"
"26267","Kerala","IN-KL","2008","Hectares",77,"Planted Area of coffee under different size categories (80-100 Hectares)","Arabica"
"26299","Kerala","IN-KL","2008","Hectares",396,"Planted Area of coffee under different size categories (>100 hectares)","Arabica"
"26331","Kerala","IN-KL","2008","Hectares",3762,"Planted Area of coffee under different size categories (Total in Hectares)","Arabica"
"26751","Kerala","IN-KL","2012","Million tonnes",1900,"Production of Coffee","Arabica"
"26752","Kerala","IN-KL","2013","Million tonnes",2075,"Production of Coffee","Arabica"
"26847","Kerala","IN-KL","2012","Hectares",3670,"Bearing Area (ha.)","Arabica"
"26943","Kerala","IN-KL","2012","KG/HA",518,"Productivity (kg/ha)","Arabica"
"28861","Wyanad",NA,"2010","Hectares",2,"Planted Area of Coffee","Arabica"
"28862","Wyanad",NA,"2011","Hectares",2,"Planted Area of Coffee","Arabica"
"28863","Wyanad",NA,"2012","Hectares",0,"Planted Area of Coffee","Arabica"
"31709","Travancore",NA,"2010","Hectares",1909,"Planted Area of Coffee","Arabica"
"31710","Travancore",NA,"2011","Hectares",1959,"Planted Area of Coffee","Arabica"
"31711","Travancore",NA,"2012","Hectares",2065,"Planted Area of Coffee","Arabica"
"32447","Travancore",NA,"2012","Million tonnes",900,"Production of Coffee","Arabica"
"32448","Travancore",NA,"2013","Million tonnes",975,"Production of Coffee","Arabica"
"34557","Nelliampathies",NA,"2010","Hectares",1800,"Planted Area of Coffee","Arabica"
"34558","Nelliampathies",NA,"2011","Hectares",1800,"Planted Area of Coffee","Arabica"
"34559","Nelliampathies",NA,"2012","Hectares",1800,"Planted Area of Coffee","Arabica"
"35295","Nelliampathies",NA,"2012","Million tonnes",1000,"Production of Coffee","Arabica"
"35296","Nelliampathies",NA,"2013","Million tonnes",1100,"Production of Coffee","Arabica"
"37405","Tamil Nadu","IN-TN","2010","Hectares",25708,"Planted Area of Coffee","Arabica"
"37406","Tamil Nadu","IN-TN","2011","Hectares",25739,"Planted Area of Coffee","Arabica"
"37407","Tamil Nadu","IN-TN","2012","Hectares",25708,"Planted Area of Coffee","Arabica"
"37435","Tamil Nadu","IN-TN","2008","Hectares",6851,"Planted Area of coffee under different size categories (<2 Hectares)","Arabica"
"37467","Tamil Nadu","IN-TN","2008","Hectares",3850,"Planted Area of coffee under different size categories (2-4 Hectares)","Arabica"
"37499","Tamil Nadu","IN-TN","2008","Hectares",4329,"Planted Area of coffee under different size categories (4-10 hectares)","Arabica"
"37531","Tamil Nadu","IN-TN","2008","Hectares",4162,"Planted Area of coffee under different size categories (10-20 hectares)","Arabica"
"37563","Tamil Nadu","IN-TN","2008","Hectares",1736,"Planted Area of coffee under different size categories (20-40 hectares)","Arabica"
"37595","Tamil Nadu","IN-TN","2008","Hectares",887,"Planted Area of coffee under different size categories (40-60 hectares)","Arabica"
"37627","Tamil Nadu","IN-TN","2008","Hectares",795,"Planted Area of coffee under different size categories (60-80 Hectares)","Arabica"
"37659","Tamil Nadu","IN-TN","2008","Hectares",545,"Planted Area of coffee under different size categories (80-100 Hectares)","Arabica"
"37691","Tamil Nadu","IN-TN","2008","Hectares",2553,"Planted Area of coffee under different size categories (>100 hectares)","Arabica"
"37723","Tamil Nadu","IN-TN","2008","Hectares",25708,"Planted Area of coffee under different size categories (Total in Hectares)","Arabica"
"38143","Tamil Nadu","IN-TN","2012","Million tonnes",13385,"Production of Coffee","Arabica"
"38144","Tamil Nadu","IN-TN","2013","Million tonnes",12475,"Production of Coffee","Arabica"
"38239","Tamil Nadu","IN-TN","2012","Hectares",24635,"Bearing Area (ha.)","Arabica"
"38335","Tamil Nadu","IN-TN","2012","KG/HA",543,"Productivity (kg/ha)","Arabica"
"40253","Pulneys",NA,"2010","Hectares",14028,"Planted Area of Coffee","Arabica"
"40254","Pulneys",NA,"2011","Hectares",14059,"Planted Area of Coffee","Arabica"
"40255","Pulneys",NA,"2012","Hectares",14650,"Planted Area of Coffee","Arabica"
"40991","Pulneys",NA,"2012","Million tonnes",6685,"Production of Coffee","Arabica"
"40992","Pulneys",NA,"2013","Million tonnes",6500,"Production of Coffee","Arabica"
"43101","Nilgiris",NA,"2010","Hectares",3610,"Planted Area of Coffee","Arabica"
"43102","Nilgiris",NA,"2011","Hectares",3610,"Planted Area of Coffee","Arabica"
"43103","Nilgiris",NA,"2012","Hectares",3610,"Planted Area of Coffee","Arabica"
"43839","Nilgiris",NA,"2012","Million tonnes",1900,"Production of Coffee","Arabica"
"43840","Nilgiris",NA,"2013","Million tonnes",1800,"Production of Coffee","Arabica"
"45949","Shevroys (Salem)",NA,"2010","Hectares",5600,"Planted Area of Coffee","Arabica"
"45950","Shevroys (Salem)",NA,"2011","Hectares",5600,"Planted Area of Coffee","Arabica"
"45951","Shevroys (Salem)",NA,"2012","Hectares",5000,"Planted Area of Coffee","Arabica"
"46687","Shevroys (Salem)",NA,"2012","Million tonnes",3500,"Production of Coffee","Arabica"
"46688","Shevroys (Salem)",NA,"2013","Million tonnes",2875,"Production of Coffee","Arabica"
"48797","Anamalais (Coimbatore)",NA,"2010","Hectares",2470,"Planted Area of Coffee","Arabica"
"48798","Anamalais (Coimbatore)",NA,"2011","Hectares",2470,"Planted Area of Coffee","Arabica"
"48799","Anamalais (Coimbatore)",NA,"2012","Hectares",2448,"Planted Area of Coffee","Arabica"
"49535","Anamalais (Coimbatore)",NA,"2012","Million tonnes",1300,"Production of Coffee","Arabica"
"49536","Anamalais (Coimbatore)",NA,"2013","Million tonnes",1300,"Production of Coffee","Arabica"
"51645","Non Traditional Areas",NA,"2010","Hectares",50518,"Planted Area of Coffee","Arabica"
"51646","Non Traditional Areas",NA,"2011","Hectares",55362,"Planted Area of Coffee","Arabica"
"51647","Non Traditional Areas",NA,"2012","Hectares",58332,"Planted Area of Coffee","Arabica"
"52383","Non Traditional Areas",NA,"2012","Million tonnes",6245,"Production of Coffee","Arabica"
"52384","Non Traditional Areas",NA,"2013","Million tonnes",7720,"Production of Coffee","Arabica"
"52479","Non Traditional Areas",NA,"2012","Hectares",39974,"Bearing Area (ha.)","Arabica"
"52575","Non Traditional Areas",NA,"2012","KG/HA",156,"Productivity (kg/ha)","Arabica"
"54523","Andhra Pradesh & Odisha",NA,"2008","Hectares",40648,"Planted Area of coffee under different size categories (<2 Hectares)","Arabica"
"54811","Andhra Pradesh & Odisha",NA,"2008","Hectares",40648,"Planted Area of coffee under different size categories (Total in Hectares)","Arabica"
"57341","Andhra Pradesh","IN-AP","2010","Hectares",47109,"Planted Area of Coffee","Arabica"
"57342","Andhra Pradesh","IN-AP","2011","Hectares",51813,"Planted Area of Coffee","Arabica"
"57343","Andhra Pradesh","IN-AP","2012","Hectares",54783,"Planted Area of Coffee","Arabica"
"58079","Andhra Pradesh","IN-AP","2012","Million tonnes",5885,"Production of Coffee","Arabica"
"58080","Andhra Pradesh","IN-AP","2013","Million tonnes",7200,"Production of Coffee","Arabica"
"58175","Andhra Pradesh","IN-AP","2012","Hectares",37487,"Bearing Area (ha.)","Arabica"
"58271","Andhra Pradesh","IN-AP","2012","KG/HA",157,"Productivity (kg/ha)","Arabica"
"60189","Odisha","IN-OR ","2010","Hectares",3409,"Planted Area of Coffee","Arabica"
"60190","Odisha","IN-OR ","2011","Hectares",3549,"Planted Area of Coffee","Arabica"
"60191","Odisha","IN-OR ","2012","Hectares",3549,"Planted Area of Coffee","Arabica"
"60927","Odisha","IN-OR ","2012","Million tonnes",360,"Production of Coffee","Arabica"
"60928","Odisha","IN-OR ","2013","Million tonnes",520,"Production of Coffee","Arabica"
"61023","Odisha","IN-OR ","2012","Hectares",2487,"Bearing Area (ha.)","Arabica"
"61119","Odisha","IN-OR ","2012","KG/HA",145,"Productivity (kg/ha)","Arabica"
"63037","North Eastern Region",NA,"2010","Hectares",4035,"Planted Area of Coffee","Arabica"
"63038","North Eastern Region",NA,"2011","Hectares",3895,"Planted Area of Coffee","Arabica"
"63039","North Eastern Region",NA,"2012","Hectares",4037,"Planted Area of Coffee","Arabica"
"63067","North Eastern Region",NA,"2008","Hectares",4405,"Planted Area of coffee under different size categories (<2 Hectares)","Arabica"
"63355","North Eastern Region",NA,"2008","Hectares",4405,"Planted Area of coffee under different size categories (Total in Hectares)","Arabica"
"63775","North Eastern Region",NA,"2012","Million tonnes",145,"Production of Coffee","Arabica"
"63776","North Eastern Region",NA,"2013","Million tonnes",145,"Production of Coffee","Arabica"
"63871","North Eastern Region",NA,"2012","Hectares",1944,"Bearing Area (ha.)","Arabica"
"63967","North Eastern Region",NA,"2012","KG/HA",75,"Productivity (kg/ha)","Arabica"
"705","India","IN","1951","Hectares",24910,"Planted Area of Coffee","Robusta"
"706","India","IN","1961","Hectares",49670,"Planted Area of Coffee","Robusta"
"707","India","IN","1971","Hectares",55030,"Planted Area of Coffee","Robusta"
"708","India","IN","1981","Hectares",98815,"Planted Area of Coffee","Robusta"
"714","India","IN","1991","Hectares",142887,"Planted Area of Coffee","Robusta"
"715","India","IN","1992","Hectares",151742,"Planted Area of Coffee","Robusta"
"716","India","IN","1993","Hectares",149465,"Planted Area of Coffee","Robusta"
"717","India","IN","1994","Hectares",148976,"Planted Area of Coffee","Robusta"
"718","India","IN","1995","Hectares",150465,"Planted Area of Coffee","Robusta"
"719","India","IN","1996","Hectares",159252,"Planted Area of Coffee","Robusta"
"720","India","IN","1997","Hectares",160582,"Planted Area of Coffee","Robusta"
"721","India","IN","1998","Hectares",161974,"Planted Area of Coffee","Robusta"
"722","India","IN","1999","Hectares",168567,"Planted Area of Coffee","Robusta"
"723","India","IN","2000","Hectares",171853,"Planted Area of Coffee","Robusta"
"724","India","IN","2001","Hectares",179037,"Planted Area of Coffee","Robusta"
"725","India","IN","2002","Hectares",181103,"Planted Area of Coffee","Robusta"
"726","India","IN","2003","Hectares",182872,"Planted Area of Coffee","Robusta"
"727","India","IN","2004","Hectares",184546,"Planted Area of Coffee","Robusta"
"728","India","IN","2005","Hectares",188769,"Planted Area of Coffee","Robusta"
"729","India","IN","2006","Hectares",201981,"Planted Area of Coffee","Robusta"
"730","India","IN","2007","Hectares",201989,"Planted Area of Coffee","Robusta"
"731","India","IN","2008","Hectares",203777,"Planted Area of Coffee","Robusta"
"732","India","IN","2009","Hectares",204841,"Planted Area of Coffee","Robusta"
"733","India","IN","2010","Hectares",205688,"Planted Area of Coffee","Robusta"
"734","India","IN","2011","Hectares",206715,"Planted Area of Coffee","Robusta"
"735","India","IN","2012","Hectares",208620,"Planted Area of Coffee","Robusta"
"763","India","IN","2008","Hectares",76965,"Planted Area of coffee under different size categories (<2 Hectares)","Robusta"
"795","India","IN","2008","Hectares",45947,"Planted Area of coffee under different size categories (2-4 Hectares)","Robusta"
"827","India","IN","2008","Hectares",41803,"Planted Area of coffee under different size categories (4-10 hectares)","Robusta"
"859","India","IN","2008","Hectares",9142,"Planted Area of coffee under different size categories (10-20 hectares)","Robusta"
"891","India","IN","2008","Hectares",6881,"Planted Area of coffee under different size categories (20-40 hectares)","Robusta"
"923","India","IN","2008","Hectares",3355,"Planted Area of coffee under different size categories (40-60 hectares)","Robusta"
"955","India","IN","2008","Hectares",2791,"Planted Area of coffee under different size categories (60-80 Hectares)","Robusta"
"987","India","IN","2008","Hectares",2419,"Planted Area of coffee under different size categories (80-100 Hectares)","Robusta"
"1019","India","IN","2008","Hectares",14474,"Planted Area of coffee under different size categories (>100 hectares)","Robusta"
"1051","India","IN","2008","Hectares",203777,"Planted Area of coffee under different size categories (Total in Hectares)","Robusta"
"1121","India","IN","1951","Million tonnes",3382,"Production of Coffee","Robusta"
"1122","India","IN","1961","Million tonnes",28643,"Production of Coffee","Robusta"
"1123","India","IN","1971","Million tonnes",51883,"Production of Coffee","Robusta"
"1124","India","IN","1981","Million tonnes",57384,"Production of Coffee","Robusta"
"1125","India","IN","1986","Million tonnes",50139,"Production of Coffee","Robusta"
"1126","India","IN","1987","Million tonnes",103119,"Production of Coffee","Robusta"
"1127","India","IN","1988","Million tonnes",58157,"Production of Coffee","Robusta"
"1128","India","IN","1989","Million tonnes",119934,"Production of Coffee","Robusta"
"1129","India","IN","1990","Million tonnes",55481,"Production of Coffee","Robusta"
"1130","India","IN","1991","Million tonnes",91415,"Production of Coffee","Robusta"
"1131","India","IN","1992","Million tonnes",91680,"Production of Coffee","Robusta"
"1132","India","IN","1993","Million tonnes",96275,"Production of Coffee","Robusta"
"1133","India","IN","1994","Million tonnes",113700,"Production of Coffee","Robusta"
"1134","India","IN","1995","Million tonnes",101100,"Production of Coffee","Robusta"
"1135","India","IN","1996","Million tonnes",119750,"Production of Coffee","Robusta"
"1136","India","IN","1997","Million tonnes",114550,"Production of Coffee","Robusta"
"1137","India","IN","1998","Million tonnes",129000,"Production of Coffee","Robusta"
"1138","India","IN","1999","Million tonnes",168000,"Production of Coffee","Robusta"
"1139","India","IN","2000","Million tonnes",173000,"Production of Coffee","Robusta"
"1140","India","IN","2001","Million tonnes",196800,"Production of Coffee","Robusta"
"1141","India","IN","2002","Million tonnes",179550,"Production of Coffee","Robusta"
"1142","India","IN","2003","Million tonnes",173150,"Production of Coffee","Robusta"
"1143","India","IN","2004","Million tonnes",168550,"Production of Coffee","Robusta"
"1144","India","IN","2005","Million tonnes",172100,"Production of Coffee","Robusta"
"1145","India","IN","2006","Million tonnes",180000,"Production of Coffee","Robusta"
"1146","India","IN","2007","Million tonnes",188300,"Production of Coffee","Robusta"
"1147","India","IN","2008","Million tonnes",169500,"Production of Coffee","Robusta"
"1148","India","IN","2009","Million tonnes",182800,"Production of Coffee","Robusta"
"1149","India","IN","2010","Million tonnes",195000,"Production of Coffee","Robusta"
"1150","India","IN","2011","Million tonnes",207860,"Production of Coffee","Robusta"
"1151","India","IN","2012","Million tonnes",212500,"Production of Coffee","Robusta"
"1152","India","IN","2013","Million tonnes",221300,"Production of Coffee","Robusta"
"1217","India","IN","1951","Hectares",24910,"Bearing Area (ha.)","Robusta"
"1218","India","IN","1961","Hectares",49672,"Bearing Area (ha.)","Robusta"
"1219","India","IN","1971","Hectares",55030,"Bearing Area (ha.)","Robusta"
"1220","India","IN","1981","Hectares",92071,"Bearing Area (ha.)","Robusta"
"1221","India","IN","1986","Hectares",106000,"Bearing Area (ha.)","Robusta"
"1222","India","IN","1987","Hectares",107000,"Bearing Area (ha.)","Robusta"
"1223","India","IN","1988","Hectares",109500,"Bearing Area (ha.)","Robusta"
"1224","India","IN","1989","Hectares",112500,"Bearing Area (ha.)","Robusta"
"1225","India","IN","1990","Hectares",112500,"Bearing Area (ha.)","Robusta"
"1226","India","IN","1991","Hectares",115000,"Bearing Area (ha.)","Robusta"
"1227","India","IN","1992","Hectares",115000,"Bearing Area (ha.)","Robusta"
"1228","India","IN","1993","Hectares",115000,"Bearing Area (ha.)","Robusta"
"1229","India","IN","1994","Hectares",118000,"Bearing Area (ha.)","Robusta"
"1230","India","IN","1995","Hectares",120000,"Bearing Area (ha.)","Robusta"
"1231","India","IN","1996","Hectares",121900,"Bearing Area (ha.)","Robusta"
"1232","India","IN","1997","Hectares",126267,"Bearing Area (ha.)","Robusta"
"1233","India","IN","1998","Hectares",154988,"Bearing Area (ha.)","Robusta"
"1234","India","IN","1999","Hectares",159227,"Bearing Area (ha.)","Robusta"
"1235","India","IN","2000","Hectares",162381,"Bearing Area (ha.)","Robusta"
"1236","India","IN","2001","Hectares",167432,"Bearing Area (ha.)","Robusta"
"1237","India","IN","2002","Hectares",171681,"Bearing Area (ha.)","Robusta"
"1238","India","IN","2003","Hectares",173835,"Bearing Area (ha.)","Robusta"
"1239","India","IN","2004","Hectares",176735,"Bearing Area (ha.)","Robusta"
"1240","India","IN","2005","Hectares",180058,"Bearing Area (ha.)","Robusta"
"1241","India","IN","2006","Hectares",189804,"Bearing Area (ha.)","Robusta"
"1242","India","IN","2007","Hectares",191179,"Bearing Area (ha.)","Robusta"
"1243","India","IN","2008","Hectares",193495,"Bearing Area (ha.)","Robusta"
"1244","India","IN","2009","Hectares",194079,"Bearing Area (ha.)","Robusta"
"1245","India","IN","2010","Hectares",195674,"Bearing Area (ha.)","Robusta"
"1246","India","IN","2011","Hectares",196748,"Bearing Area (ha.)","Robusta"
"1247","India","IN","2012","Hectares",198781,"Bearing Area (ha.)","Robusta"
"1313","India","IN","1951","KG/HA",136,"Productivity (kg/ha)","Robusta"
"1314","India","IN","1961","KG/HA",577,"Productivity (kg/ha)","Robusta"
"1315","India","IN","1971","KG/HA",943,"Productivity (kg/ha)","Robusta"
"1316","India","IN","1981","KG/HA",623,"Productivity (kg/ha)","Robusta"
"1317","India","IN","1986","KG/HA",473,"Productivity (kg/ha)","Robusta"
"1318","India","IN","1987","KG/HA",964,"Productivity (kg/ha)","Robusta"
"1319","India","IN","1988","KG/HA",531,"Productivity (kg/ha)","Robusta"
"1320","India","IN","1989","KG/HA",1066,"Productivity (kg/ha)","Robusta"
"1321","India","IN","1990","KG/HA",493,"Productivity (kg/ha)","Robusta"
"1322","India","IN","1991","KG/HA",795,"Productivity (kg/ha)","Robusta"
"1323","India","IN","1992","KG/HA",797,"Productivity (kg/ha)","Robusta"
"1324","India","IN","1993","KG/HA",837,"Productivity (kg/ha)","Robusta"
"1325","India","IN","1994","KG/HA",964,"Productivity (kg/ha)","Robusta"
"1326","India","IN","1995","KG/HA",843,"Productivity (kg/ha)","Robusta"
"1327","India","IN","1996","KG/HA",982,"Productivity (kg/ha)","Robusta"
"1328","India","IN","1997","KG/HA",907,"Productivity (kg/ha)","Robusta"
"1329","India","IN","1998","KG/HA",832,"Productivity (kg/ha)","Robusta"
"1330","India","IN","1999","KG/HA",1055,"Productivity (kg/ha)","Robusta"
"1331","India","IN","2000","KG/HA",1065,"Productivity (kg/ha)","Robusta"
"1332","India","IN","2001","KG/HA",1175,"Productivity (kg/ha)","Robusta"
"1333","India","IN","2002","KG/HA",1046,"Productivity (kg/ha)","Robusta"
"1334","India","IN","2003","KG/HA",996,"Productivity (kg/ha)","Robusta"
"1335","India","IN","2004","KG/HA",954,"Productivity (kg/ha)","Robusta"
"1336","India","IN","2005","KG/HA",956,"Productivity (kg/ha)","Robusta"
"1337","India","IN","2006","KG/HA",948,"Productivity (kg/ha)","Robusta"
"1338","India","IN","2007","KG/HA",985,"Productivity (kg/ha)","Robusta"
"1339","India","IN","2008","KG/HA",876,"Productivity (kg/ha)","Robusta"
"1340","India","IN","2009","KG/HA",942,"Productivity (kg/ha)","Robusta"
"1341","India","IN","2010","KG/HA",997,"Productivity (kg/ha)","Robusta"
"1342","India","IN","2011","KG/HA",1056,"Productivity (kg/ha)","Robusta"
"1343","India","IN","2012","KG/HA",1069,"Productivity (kg/ha)","Robusta"
"4095","Traditional Areas",NA,"2012","Hectares",197796,"Bearing Area (ha.)","Robusta"
"4191","Traditional Areas",NA,"2012","KG/HA",1074,"Productivity (kg/ha)","Robusta"
"6429","Karnataka","IN-KA","2010","Hectares",117317,"Planted Area of Coffee","Robusta"
"6430","Karnataka","IN-KA","2011","Hectares",118577,"Planted Area of Coffee","Robusta"
"6431","Karnataka","IN-KA","2012","Hectares",120530,"Planted Area of Coffee","Robusta"
"6459","Karnataka","IN-KA","2008","Hectares",30167,"Planted Area of coffee under different size categories (<2 Hectares)","Robusta"
"6491","Karnataka","IN-KA","2008","Hectares",27956,"Planted Area of coffee under different size categories (2-4 Hectares)","Robusta"
"6523","Karnataka","IN-KA","2008","Hectares",28535,"Planted Area of coffee under different size categories (4-10 hectares)","Robusta"
"6555","Karnataka","IN-KA","2008","Hectares",7113,"Planted Area of coffee under different size categories (10-20 hectares)","Robusta"
"6587","Karnataka","IN-KA","2008","Hectares",3847,"Planted Area of coffee under different size categories (20-40 hectares)","Robusta"
"6619","Karnataka","IN-KA","2008","Hectares",2189,"Planted Area of coffee under different size categories (40-60 hectares)","Robusta"
"6651","Karnataka","IN-KA","2008","Hectares",1825,"Planted Area of coffee under different size categories (60-80 Hectares)","Robusta"
"6683","Karnataka","IN-KA","2008","Hectares",1887,"Planted Area of coffee under different size categories (80-100 Hectares)","Robusta"
"6715","Karnataka","IN-KA","2008","Hectares",12044,"Planted Area of coffee under different size categories (>100 hectares)","Robusta"
"6747","Karnataka","IN-KA","2008","Hectares",115563,"Planted Area of coffee under different size categories (Total in Hectares)","Robusta"
"6847","Karnataka","IN-KA","2012","Million tonnes",141175,"Production of Coffee","Robusta"
"6848","Karnataka","IN-KA","2013","Million tonnes",153275,"Production of Coffee","Robusta"
"6943","Karnataka","IN-KA","2012","Hectares",111713,"Bearing Area (ha.)","Robusta"
"7039","Karnataka","IN-KA","2012","KG/HA",1264,"Productivity (kg/ha)","Robusta"
"9277","Chikmagalur District","IN-KA-CK","2010","Hectares",31650,"Planted Area of Coffee","Robusta"
"9278","Chikmagalur District","IN-KA-CK","2011","Hectares",31650,"Planted Area of Coffee","Robusta"
"9279","Chikmagalur District","IN-KA-CK","2012","Hectares",31853,"Planted Area of Coffee","Robusta"
"9695","Chikmagalur District","IN-KA-CK","2012","Million tonnes",36150,"Production of Coffee","Robusta"
"9696","Chikmagalur District","IN-KA-CK","2013","Million tonnes",36900,"Production of Coffee","Robusta"
"12125","Kodagu","IN-KA-KD","2010","Hectares",74777,"Planted Area of Coffee","Robusta"
"12126","Kodagu","IN-KA-KD","2011","Hectares",75277,"Planted Area of Coffee","Robusta"
"12127","Kodagu","IN-KA-KD","2012","Hectares",76727,"Planted Area of Coffee","Robusta"
"12543","Kodagu","IN-KA-KD","2012","Million tonnes",93225,"Production of Coffee","Robusta"
"12544","Kodagu","IN-KA-KD","2013","Million tonnes",102075,"Production of Coffee","Robusta"
"14973","Hassan District","IN-KA-HS","2010","Hectares",10890,"Planted Area of Coffee","Robusta"
"14974","Hassan District","IN-KA-HS","2011","Hectares",11650,"Planted Area of Coffee","Robusta"
"14975","Hassan District","IN-KA-HS","2012","Hectares",11950,"Planted Area of Coffee","Robusta"
"15391","Hassan District","IN-KA-HS","2012","Million tonnes",11800,"Production of Coffee","Robusta"
"15392","Hassan District","IN-KA-HS","2013","Million tonnes",14300,"Production of Coffee","Robusta"
"26365","Kerala","IN-KL","2010","Hectares",81085,"Planted Area of Coffee","Robusta"
"26366","Kerala","IN-KL","2011","Hectares",81170,"Planted Area of Coffee","Robusta"
"26367","Kerala","IN-KL","2012","Hectares",81083,"Planted Area of Coffee","Robusta"
"26395","Kerala","IN-KL","2008","Hectares",43229,"Planted Area of coffee under different size categories (<2 Hectares)","Robusta"
"26427","Kerala","IN-KL","2008","Hectares",16668,"Planted Area of coffee under different size categories (2-4 Hectares)","Robusta"
"26459","Kerala","IN-KL","2008","Hectares",12059,"Planted Area of coffee under different size categories (4-10 hectares)","Robusta"
"26491","Kerala","IN-KL","2008","Hectares",1726,"Planted Area of coffee under different size categories (10-20 hectares)","Robusta"
"26523","Kerala","IN-KL","2008","Hectares",2750,"Planted Area of coffee under different size categories (20-40 hectares)","Robusta"
"26555","Kerala","IN-KL","2008","Hectares",829,"Planted Area of coffee under different size categories (40-60 hectares)","Robusta"
"26587","Kerala","IN-KL","2008","Hectares",923,"Planted Area of coffee under different size categories (60-80 Hectares)","Robusta"
"26619","Kerala","IN-KL","2008","Hectares",404,"Planted Area of coffee under different size categories (80-100 Hectares)","Robusta"
"26651","Kerala","IN-KL","2008","Hectares",2366,"Planted Area of coffee under different size categories (>100 hectares)","Robusta"
"26683","Kerala","IN-KL","2008","Hectares",80954,"Planted Area of coffee under different size categories (Total in Hectares)","Robusta"
"26783","Kerala","IN-KL","2012","Million tonnes",66200,"Production of Coffee","Robusta"
"26784","Kerala","IN-KL","2013","Million tonnes",62925,"Production of Coffee","Robusta"
"26879","Kerala","IN-KL","2012","Hectares",80530,"Bearing Area (ha.)","Robusta"
"26975","Kerala","IN-KL","2012","KG/HA",822,"Productivity (kg/ha)","Robusta"
"29213","Wyanad",NA,"2010","Hectares",67364,"Planted Area of Coffee","Robusta"
"29214","Wyanad",NA,"2011","Hectares",67364,"Planted Area of Coffee","Robusta"
"29215","Wyanad",NA,"2012","Hectares",67303,"Planted Area of Coffee","Robusta"
"29631","Wyanad",NA,"2012","Million tonnes",57325,"Production of Coffee","Robusta"
"29632","Wyanad",NA,"2013","Million tonnes",54100,"Production of Coffee","Robusta"
"32061","Travancore",NA,"2010","Hectares",10871,"Planted Area of Coffee","Robusta"
"32062","Travancore",NA,"2011","Hectares",10956,"Planted Area of Coffee","Robusta"
"32063","Travancore",NA,"2012","Hectares",10930,"Planted Area of Coffee","Robusta"
"32479","Travancore",NA,"2012","Million tonnes",7400,"Production of Coffee","Robusta"
"32480","Travancore",NA,"2013","Million tonnes",7375,"Production of Coffee","Robusta"
"34909","Nelliampathies",NA,"2010","Hectares",2850,"Planted Area of Coffee","Robusta"
"34910","Nelliampathies",NA,"2011","Hectares",2850,"Planted Area of Coffee","Robusta"
"34911","Nelliampathies",NA,"2012","Hectares",2850,"Planted Area of Coffee","Robusta"
"35327","Nelliampathies",NA,"2012","Million tonnes",1475,"Production of Coffee","Robusta"
"35328","Nelliampathies",NA,"2013","Million tonnes",1450,"Production of Coffee","Robusta"
"37757","Tamil Nadu","IN-TN","2010","Hectares",5636,"Planted Area of Coffee","Robusta"
"37758","Tamil Nadu","IN-TN","2011","Hectares",5605,"Planted Area of Coffee","Robusta"
"37759","Tamil Nadu","IN-TN","2012","Hectares",5636,"Planted Area of Coffee","Robusta"
"37787","Tamil Nadu","IN-TN","2008","Hectares",1945,"Planted Area of coffee under different size categories (<2 Hectares)","Robusta"
"37819","Tamil Nadu","IN-TN","2008","Hectares",1323,"Planted Area of coffee under different size categories (2-4 Hectares)","Robusta"
"37851","Tamil Nadu","IN-TN","2008","Hectares",1209,"Planted Area of coffee under different size categories (4-10 hectares)","Robusta"
"37883","Tamil Nadu","IN-TN","2008","Hectares",303,"Planted Area of coffee under different size categories (10-20 hectares)","Robusta"
"37915","Tamil Nadu","IN-TN","2008","Hectares",284,"Planted Area of coffee under different size categories (20-40 hectares)","Robusta"
"37947","Tamil Nadu","IN-TN","2008","Hectares",337,"Planted Area of coffee under different size categories (40-60 hectares)","Robusta"
"37979","Tamil Nadu","IN-TN","2008","Hectares",43,"Planted Area of coffee under different size categories (60-80 Hectares)","Robusta"
"38011","Tamil Nadu","IN-TN","2008","Hectares",128,"Planted Area of coffee under different size categories (80-100 Hectares)","Robusta"
"38043","Tamil Nadu","IN-TN","2008","Hectares",64,"Planted Area of coffee under different size categories (>100 hectares)","Robusta"
"38075","Tamil Nadu","IN-TN","2008","Hectares",5636,"Planted Area of coffee under different size categories (Total in Hectares)","Robusta"
"38175","Tamil Nadu","IN-TN","2012","Million tonnes",4965,"Production of Coffee","Robusta"
"38176","Tamil Nadu","IN-TN","2013","Million tonnes",4965,"Production of Coffee","Robusta"
"38271","Tamil Nadu","IN-TN","2012","Hectares",5553,"Bearing Area (ha.)","Robusta"
"38367","Tamil Nadu","IN-TN","2012","KG/HA",894,"Productivity (kg/ha)","Robusta"
"40605","Pulneys",NA,"2010","Hectares",1023,"Planted Area of Coffee","Robusta"
"40606","Pulneys",NA,"2011","Hectares",992,"Planted Area of Coffee","Robusta"
"40607","Pulneys",NA,"2012","Hectares",992,"Planted Area of Coffee","Robusta"
"41023","Pulneys",NA,"2012","Million tonnes",215,"Production of Coffee","Robusta"
"41024","Pulneys",NA,"2013","Million tonnes",215,"Production of Coffee","Robusta"
"43453","Nilgiris",NA,"2010","Hectares",4175,"Planted Area of Coffee","Robusta"
"43454","Nilgiris",NA,"2011","Hectares",4175,"Planted Area of Coffee","Robusta"
"43455","Nilgiris",NA,"2012","Hectares",4175,"Planted Area of Coffee","Robusta"
"43871","Nilgiris",NA,"2012","Million tonnes",4150,"Production of Coffee","Robusta"
"43872","Nilgiris",NA,"2013","Million tonnes",4150,"Production of Coffee","Robusta"
"46301","Shevroys (Salem)",NA,"2010","Hectares",100,"Planted Area of Coffee","Robusta"
"46302","Shevroys (Salem)",NA,"2011","Hectares",100,"Planted Area of Coffee","Robusta"
"46303","Shevroys (Salem)",NA,"2012","Hectares",100,"Planted Area of Coffee","Robusta"
"46719","Shevroys (Salem)",NA,"2012","Million tonnes",100,"Production of Coffee","Robusta"
"46720","Shevroys (Salem)",NA,"2013","Million tonnes",100,"Production of Coffee","Robusta"
"49149","Anamalais (Coimbatore)",NA,"2010","Hectares",338,"Planted Area of Coffee","Robusta"
"49150","Anamalais (Coimbatore)",NA,"2011","Hectares",338,"Planted Area of Coffee","Robusta"
"49151","Anamalais (Coimbatore)",NA,"2012","Hectares",369,"Planted Area of Coffee","Robusta"
"49567","Anamalais (Coimbatore)",NA,"2012","Million tonnes",500,"Production of Coffee","Robusta"
"49568","Anamalais (Coimbatore)",NA,"2013","Million tonnes",500,"Production of Coffee","Robusta"
"51997","Non Traditional Areas",NA,"2010","Hectares",268,"Planted Area of Coffee","Robusta"
"51998","Non Traditional Areas",NA,"2011","Hectares",268,"Planted Area of Coffee","Robusta"
"51999","Non Traditional Areas",NA,"2012","Hectares",268,"Planted Area of Coffee","Robusta"
"52415","Non Traditional Areas",NA,"2012","Million tonnes",85,"Production of Coffee","Robusta"
"52416","Non Traditional Areas",NA,"2013","Million tonnes",70,"Production of Coffee","Robusta"
"52511","Non Traditional Areas",NA,"2012","Hectares",268,"Bearing Area (ha.)","Robusta"
"52607","Non Traditional Areas",NA,"2012","KG/HA",317,"Productivity (kg/ha)","Robusta"
"54875","Andhra Pradesh & Odisha",NA,"2008","Hectares",268,"Planted Area of coffee under different size categories (<2 Hectares)","Robusta"
"55163","Andhra Pradesh & Odisha",NA,"2008","Hectares",268,"Planted Area of coffee under different size categories (Total in Hectares)","Robusta"
"57693","Andhra Pradesh","IN-AP","2010","Hectares",268,"Planted Area of Coffee","Robusta"
"57694","Andhra Pradesh","IN-AP","2011","Hectares",268,"Planted Area of Coffee","Robusta"
"57695","Andhra Pradesh","IN-AP","2012","Hectares",267.92,"Planted Area of Coffee","Robusta"
"58111","Andhra Pradesh","IN-AP","2012","Million tonnes",85,"Production of Coffee","Robusta"
"58112","Andhra Pradesh","IN-AP","2013","Million tonnes",70,"Production of Coffee","Robusta"
"58207","Andhra Pradesh","IN-AP","2012","Hectares",268,"Bearing Area (ha.)","Robusta"
"58303","Andhra Pradesh","IN-AP","2012","KG/HA",317,"Productivity (kg/ha)","Robusta"
"60541","Odisha","IN-OR ","2010","Hectares",0,"Planted Area of Coffee","Robusta"
"60542","Odisha","IN-OR ","2011","Hectares",0,"Planted Area of Coffee","Robusta"
"63389","North Eastern Region",NA,"2010","Hectares",1382,"Planted Area of Coffee","Robusta"
"63390","North Eastern Region",NA,"2011","Hectares",1095,"Planted Area of Coffee","Robusta"
"63391","North Eastern Region",NA,"2012","Hectares",1103,"Planted Area of Coffee","Robusta"
"63419","North Eastern Region",NA,"2008","Hectares",1356,"Planted Area of coffee under different size categories (<2 Hectares)","Robusta"
"63707","North Eastern Region",NA,"2008","Hectares",1356,"Planted Area of coffee under different size categories (Total in Hectares)","Robusta"
"63807","North Eastern Region",NA,"2012","Million tonnes",75,"Production of Coffee","Robusta"
"63808","North Eastern Region",NA,"2013","Million tonnes",65,"Production of Coffee","Robusta"
"63903","North Eastern Region",NA,"2012","Hectares",717,"Bearing Area (ha.)","Robusta"
"63999","North Eastern Region",NA,"2012","KG/HA",105,"Productivity (kg/ha)","Robusta"
